FirstName,LastName,Alias,Email,Username,Title,Department,CompanyName,IsActive,TimeZoneSidKey,LocaleSidKey,EmailEncodingKey,LanguageLocaleKey
Carlos,Mendoza,cmendoza,cmendoza@greatresort.mock,cmendoza@greatresort.mock.test,Sales Representative,Sales,Great Resorts,TRUE,America/Mexico_City,es_MX,UTF-8,es
Lucia,Gomez,lgomez,lgomez@greatresort.mock,lgomez@greatresort.mock.test,Sales Representative,Sales,Great Resorts,TRUE,America/Mexico_City,es_MX,UTF-8,es
Miguel,Torres,mtorres,mtorres@greatresort.mock,mtorres@greatresort.mock.test,Account Executive,Sales,Great Resorts,TRUE,America/Mexico_City,es_MX,UTF-8,es
Sofia,Rios,srios,srios@greatresort.mock,srios@greatresort.mock.test,Sales Representative,Sales,Great Resorts,TRUE,America/Mexico_City,es_MX,UTF-8,es
Javier,Luna,jluna,jluna@greatresort.mock,jluna@greatresort.mock.test,Sales Representative,Sales,Great Resorts,TRUE,America/Mexico_City,es_MX,UTF-8,es
Elena,Castillo,ecastill,ecastillo@greatresort.mock,ecastillo@greatresort.mock.test,Account Executive,Sales,Great Resorts,TRUE,America/Mexico_City,es_MX,UTF-8,es
Andres,Vargas,avargas,avargas@greatresort.mock,avargas@greatresort.mock.test,Sales Representative,Sales,Great Resorts,TRUE,America/Mexico_City,es_MX,UTF-8,es
Valeria,Ortiz,vortiz,vortiz@greatresort.mock,vortiz@greatresort.mock.test,Sales Representative,Sales,Great Resorts,TRUE,America/Mexico_City,es_MX,UTF-8,es
Diego,Navarro,dnavarro,dnavarro@greatresort.mock,dnavarro@greatresort.mock.test,Sales Representative,Sales,Great Resorts,TRUE,America/Mexico_City,es_MX,UTF-8,es
Carmen,Solis,csolis,csolis@greatresort.mock,csolis@greatresort.mock.test,Account Executive,Sales,Great Resorts,TRUE,America/Mexico_City,es_MX,UTF-8,es
Roberto,Reyes,rreyes,rreyes@greatresort.mock,rreyes@greatresort.mock.test,Sales Representative,Sales,Great Resorts,TRUE,America/Mexico_City,es_MX,UTF-8,es
Patricia,Morales,pmorales,pmorales@greatresort.mock,pmorales@greatresort.mock.test,Sales Representative,Sales,Great Resorts,TRUE,America/Mexico_City,es_MX,UTF-8,es
Alejandro,Herrera,aherrera,aherrera@greatresort.mock,aherrera@greatresort.mock.test,Sales Representative,Sales,Great Resorts,TRUE,America/Mexico_City,es_MX,UTF-8,es
Gabriela,Paz,gpaz,gpaz@greatresort.mock,gpaz@greatresort.mock.test,Account Executive,Sales,Great Resorts,TRUE,America/Mexico_City,es_MX,UTF-8,es
Fernando,Silva,fsilva,fsilva@greatresort.mock,fsilva@greatresort.mock.test,Sales Representative,Sales,Great Resorts,TRUE,America/Mexico_City,es_MX,UTF-8,es