Subject,ActivityDate,Status,Priority,RelatedToNumber,OwnerUsername
Follow up on proposal terms,2026-08-25,Not Started,High,ACC-1002,lgomez@greatresort.mock.test
Send updated catering brochure,2026-08-22,In Progress,Normal,ACC-1005,jluna@greatresort.mock.test
Confirm flight arrival details,2026-08-21,Completed,High,ACC-1007,avargas@greatresort.mock.test
Call regarding unpaid invoice,2026-08-26,Not Started,High,ACC-1006,ecastillo@greatresort.mock.test
Schedule venue walkthrough,2026-08-24,Not Started,Normal,ACC-1008,vortiz@greatresort.mock.test
Send contract draft for review,2026-08-23,In Progress,High,ACC-1010,csolis@greatresort.mock.test
Log feedback from corporate dinner,2026-08-20,Completed,Normal,ACC-1011,rreyes@greatresort.mock.test
Verify VIP guest list,2026-08-27,Not Started,High,ACC-1012,pmorales@greatresort.mock.test
Coordinate shuttle service,2026-08-22,Completed,Normal,ACC-1014,gpaz@greatresort.mock.test
Initial discovery call with Lead,2026-08-21,Not Started,Normal,ACC-1015,fsilva@greatresort.mock.test