FirstName,LastName,Email,Title,Phone,AccountNumber
John,Doe,jdoe@acme.mock,VP of Operations,+15550101,ACC-1001
Sarah,Connor,sconnor@techflow.mock,IT Director,+15550102,ACC-1002
Robert,Langdon,rlangdon@globallogistics.mock,Logistics Head,+15550103,ACC-1003
Emily,Watson,ewatson@cloudnet.mock,CTO,+15550104,ACC-1004
Michael,Scott,mscott@nextgen.mock,Regional Manager,+15550105,ACC-1005
Laura,Palmer,lpalmer@apex.mock,Procurement Lead,+15550106,ACC-1006
David,Miller,dmiller@pinnacle.mock,Operations Director,+15550107,ACC-1007
Anna,Karenina,akarenina@summit.mock,CFO,+15550108,ACC-1008
James,Bond,jbond@velocity.mock,Security Lead,+15550109,ACC-1009
Clara,Oswald,coswald@beacon.mock,Marketing VP,+15550110,ACC-1010
Arthur,Dent,adent@horizontravels.mock,Events Coordinator,+15550111,ACC-1011
Bruce,Wayne,bwayne@bluesky.mock,Corporate Travel Director,+15550112,ACC-1012
Diana,Prince,dprince@vanguard.mock,HR VP,+15550114,ACC-1014
Clark,Kent,ckent@omnimedia.mock,Communications Lead,+15550113,ACC-1013
Peter,Parker,pparker@zenith.mock,Experience Officer,+15550200,ACC-1020